timestamp_iso,elapsed_sec,session_name,scenario,total_kbps,dds_kbps,microros_kbps,tcp_kbps,udp_kbps,bytes_recv_rate,bytes_sent_rate,packets_recv_rate,packets_sent_rate,gateway_latency_min_ms,gateway_latency_max_ms,gateway_latency_ms,gateway_jitter_ms,gateway_loss_percent,dds_latency_ms,dds_jitter_ms,dds_loss_percent,active_dds_domains,microros_active
2026-09-01T18:05:26Z,0.87,ensayo_02_kinova,Linea_Base_WiFi6,162.87,130.3,0.0,32.57,130.3,8727.6,12120.3,69.6,84.1,4.25,5.54,4.89,0.65,0.0,5.8,0.06,0.0,0,0
2026-09-01T18:05:27Z,2.12,ensayo_02_kinova,Linea_Base_WiFi6,113.14,90.51,0.0,22.63,90.51,3434.6,11046.9,26.5,28.9,3.44,6.93,5.18,1.75,0.0,3.4,0.79,0.0,0,0
2026-09-01T18:05:28Z,3.37,ensayo_02_kinova,Linea_Base_WiFi6,41.65,33.32,0.0,8.33,33.32,1830.1,3501.6,15.2,19.1,7.73,8.7,8.21,0.49,0.0,5.96,3.21,0.0,0,0
2026-09-01T18:05:30Z,4.63,ensayo_02_kinova,Linea_Base_WiFi6,88.79,71.03,0.0,17.76,71.03,4602.6,6762.4,38.0,30.9,3.27,3.63,3.45,0.18,0.0,3.0,0.02,0.0,0,0
2026-09-01T18:05:31Z,5.88,ensayo_02_kinova,Linea_Base_WiFi6,129.7,103.76,0.0,25.94,103.76,4722.5,11879.1,45.7,38.5,3.08,9.02,6.05,2.97,0.0,6.44,2.21,0.0,0,0
2026-09-01T18:05:32Z,7.14,ensayo_02_kinova,Linea_Base_WiFi6,43.89,35.11,0.0,8.78,35.11,2337.4,3280.2,15.1,12.7,4.05,5.22,4.63,0.58,0.0,7.86,0.74,0.0,0,0
2026-09-01T18:05:33Z,8.39,ensayo_02_kinova,Linea_Base_WiFi6,41.44,33.15,0.0,8.29,33.15,2037.6,3267.1,17.5,12.7,4.4,13.35,8.87,4.48,0.0,7.97,0.24,0.0,0,0
2026-09-01T18:05:35Z,9.65,ensayo_02_kinova,Linea_Base_WiFi6,42.44,33.95,0.0,8.49,33.95,2033.9,3398.8,16.7,14.3,3.29,11.63,7.46,4.17,0.0,4.56,2.66,0.0,0,0
2026-09-01T18:05:36Z,10.9,ensayo_02_kinova,Linea_Base_WiFi6,144.47,115.58,0.0,28.89,115.58,5160.0,13332.1,39.9,32.7,3.14,3.32,3.23,0.09,0.0,4.78,0.81,0.0,0,0
2026-09-01T18:05:37Z,12.16,ensayo_02_kinova,Linea_Base_WiFi6,43.7,34.96,0.0,8.74,34.96,2121.1,3472.6,19.1,15.9,3.96,5.31,4.64,0.67,0.0,3.27,0.25,0.0,0,0
2026-09-01T18:05:38Z,13.41,ensayo_02_kinova,Linea_Base_WiFi6,42.49,33.99,0.0,8.5,33.99,2261.2,3177.6,13.6,11.2,4.3,4.45,4.38,0.07,0.0,3.68,0.7,0.0,0,0
2026-09-01T18:05:40Z,14.66,ensayo_02_kinova,Linea_Base_WiFi6,125.59,100.47,0.0,25.12,100.47,3705.5,12369.5,31.1,23.9,3.64,4.4,4.02,0.38,0.0,4.25,0.75,0.0,0,0
2026-09-01T18:05:41Z,15.92,ensayo_02_kinova,Linea_Base_WiFi6,62.01,49.61,0.0,12.4,49.61,3651.0,4286.2,28.6,22.3,3.5,6.69,5.09,1.59,0.0,5.37,1.68,0.0,0,0
2026-09-01T18:05:42Z,17.17,ensayo_02_kinova,Linea_Base_WiFi6,43.94,35.15,0.0,8.79,35.15,2102.3,3521.8,17.6,15.2,5.92,6.79,6.36,0.44,0.0,4.97,1.75,0.0,0,0
2026-09-01T18:05:43Z,18.42,ensayo_02_kinova,Linea_Base_WiFi6,104.65,83.72,0.0,20.93,83.72,3186.9,10208.1,28.7,19.9,3.2,3.75,3.47,0.27,0.0,4.08,0.88,0.0,0,0
2026-09-01T18:05:45Z,19.68,ensayo_02_kinova,Linea_Base_WiFi6,49.84,39.87,0.0,9.97,39.87,2880.1,3500.0,21.4,15.1,4.79,7.94,6.37,1.57,0.0,4.09,0.6,0.0,0,0
2026-09-01T18:05:46Z,20.94,ensayo_02_kinova,Linea_Base_WiFi6,80.58,64.46,0.0,16.12,64.46,3744.9,6569.7,32.7,27.1,5.59,7.26,6.43,0.84,0.0,5.84,2.45,0.0,0,0
2026-09-01T18:05:47Z,22.2,ensayo_02_kinova,Linea_Base_WiFi6,164.49,131.59,0.0,32.9,131.59,6752.4,14302.7,59.6,68.3,4.07,12.05,8.06,3.99,0.0,16.3,8.02,0.0,0,0
2026-09-01T18:05:48Z,23.46,ensayo_02_kinova,Linea_Base_WiFi6,190.78,152.62,0.0,38.16,152.62,11181.5,13238.5,41.8,54.4,5.53,31.34,18.44,12.9,0.0,5.12,0.44,0.0,0,0
2026-09-01T18:05:50Z,24.75,ensayo_02_kinova,Linea_Base_WiFi6,34.33,27.46,0.0,6.87,27.46,2252.5,2141.6,20.3,18.7,3.58,23.16,13.37,9.79,0.0,5.78,1.64,0.0,0,0
2026-09-01T18:05:51Z,26.0,ensayo_02_kinova,Linea_Base_WiFi6,138.19,110.55,0.0,27.64,110.55,6281.0,11407.1,45.6,39.2,4.27,8.15,6.21,1.94,0.0,4.81,1.13,0.0,0,0
2026-09-01T18:05:52Z,27.25,ensayo_02_kinova,Linea_Base_WiFi6,181.23,144.98,0.0,36.25,144.98,3793.8,19404.2,31.2,29.6,6.18,6.77,6.47,0.3,0.0,3.99,0.92,0.0,0,0
2026-09-01T18:05:53Z,28.5,ensayo_02_kinova,Linea_Base_WiFi6,50.4,40.32,0.0,10.08,40.32,2871.2,3579.6,22.4,16.8,4.25,6.89,5.57,1.32,0.0,4.92,0.1,0.0,0,0
2026-09-01T18:05:55Z,29.75,ensayo_02_kinova,Linea_Base_WiFi6,105.73,84.58,0.0,21.15,84.58,6031.8,7501.2,37.6,36.0,4.8,10.49,7.64,2.84,0.0,6.07,3.02,0.0,0,0
2026-09-01T18:05:56Z,31.01,ensayo_02_kinova,Linea_Base_WiFi6,100.32,80.26,0.0,20.06,80.26,3848.4,8992.5,27.0,22.2,3.35,4.01,3.68,0.33,0.0,5.13,2.27,0.0,0,0
2026-09-01T18:05:57Z,32.26,ensayo_02_kinova,Linea_Base_WiFi6,43.02,34.42,0.0,8.6,34.42,1995.6,3510.9,16.8,16.0,2.87,4.99,3.93,1.06,0.0,4.12,0.25,0.0,0,0
2026-09-01T18:05:58Z,33.51,ensayo_02_kinova,Linea_Base_WiFi6,5.99,4.79,0.0,1.2,4.79,452.6,314.6,4.8,3.2,4.28,5.95,5.12,0.83,0.0,4.2,0.15,0.0,0,0
2026-09-01T18:06:00Z,34.76,ensayo_02_kinova,Linea_Base_WiFi6,103.97,83.18,0.0,20.79,83.18,3208.0,10100.8,22.4,18.4,4.62,5.07,4.84,0.23,0.0,3.2,0.2,0.0,0,0
2026-09-01T18:06:01Z,36.01,ensayo_02_kinova,Linea_Base_WiFi6,446.91,357.53,0.0,89.38,357.53,27954.6,29249.5,60.1,56.1,4.68,5.6,5.14,0.46,0.0,2.97,0.02,0.0,0,0
2026-09-01T18:06:02Z,37.26,ensayo_02_kinova,Linea_Base_WiFi6,29.23,23.38,0.0,5.85,23.38,2163.7,1578.2,13.6,12.0,4.63,8.48,6.55,1.93,0.0,4.17,0.69,0.0,0,0
2026-09-01T18:06:03Z,38.51,ensayo_02_kinova,Linea_Base_WiFi6,51.5,41.2,0.0,10.3,41.2,2591.1,4001.0,18.4,16.0,3.87,5.02,4.45,0.58,0.0,4.6,0.21,0.0,0,0
2026-09-01T18:06:05Z,39.76,ensayo_02_kinova,Linea_Base_WiFi6,109.47,87.58,0.0,21.89,87.58,3330.2,10681.5,28.8,24.8,4.63,5.03,4.83,0.2,0.0,7.46,3.09,0.0,0,0
2026-09-01T18:06:06Z,41.02,ensayo_02_kinova,Linea_Base_WiFi6,2295.08,1836.06,0.0,459.02,1836.06,281925.4,11844.2,101.9,81.2,7.25,25.97,16.61,9.36,0.0,6.69,0.14,0.0,0,0
2026-09-01T18:06:07Z,42.27,ensayo_02_kinova,Linea_Base_WiFi6,121.37,97.1,0.0,24.27,97.1,5924.0,9611.9,59.7,85.2,3.95,7.25,5.6,1.65,0.0,5.02,1.42,0.0,0,0
2026-09-01T18:06:08Z,43.52,ensayo_02_kinova,Linea_Base_WiFi6,111.86,89.49,0.0,22.37,89.49,4393.9,9924.6,41.0,42.6,4.28,5.81,5.04,0.77,0.0,16.59,13.37,0.0,0,0
2026-09-01T18:06:10Z,44.76,ensayo_02_kinova,Linea_Base_WiFi6,66.15,52.92,0.0,13.23,52.92,3390.8,5076.6,32.9,36.9,5.85,7.95,6.9,1.05,0.0,3.48,0.22,0.0,0,0
2026-09-01T18:06:11Z,46.02,ensayo_02_kinova,Linea_Base_WiFi6,82.45,65.96,0.0,16.49,65.96,4871.3,5681.8,42.3,37.5,3.77,3.99,3.88,0.11,0.0,5.46,1.26,0.0,0,0
2026-09-01T18:06:12Z,47.27,ensayo_02_kinova,Linea_Base_WiFi6,6073.26,4858.61,0.0,1214.65,4858.61,387699.1,389678.1,117.6,120.0,3.29,15.98,9.63,6.35,0.0,11.19,6.0,0.0,0,0
2026-09-01T18:06:13Z,48.54,ensayo_02_kinova,Linea_Base_WiFi6,59.27,47.42,0.0,11.85,47.42,3197.3,4389.5,29.1,22.0,3.62,12.66,8.14,4.52,0.0,5.93,1.44,0.0,0,0
2026-09-01T18:06:15Z,49.8,ensayo_02_kinova,Linea_Base_WiFi6,47.6,38.08,0.0,9.52,38.08,2713.8,3378.8,20.6,14.3,8.18,11.39,9.78,1.6,0.0,7.53,3.19,0.0,0,0
2026-09-01T18:06:16Z,51.07,ensayo_02_kinova,Linea_Base_WiFi6,401.31,321.05,0.0,80.26,321.05,14691.7,36675.8,57.8,62.5,17.26,25.36,21.31,4.05,0.0,4.33,1.45,0.0,0,0
2026-09-01T18:06:17Z,52.33,ensayo_02_kinova,Linea_Base_WiFi6,97.39,77.91,0.0,19.48,77.91,6925.1,5541.0,37.2,28.5,4.71,11.57,8.14,3.43,0.0,2.55,0.14,0.0,0,0
2026-09-01T18:06:19Z,53.59,ensayo_02_kinova,Linea_Base_WiFi6,37.47,29.98,0.0,7.49,29.98,1376.1,3419.6,10.4,12.0,4.13,4.25,4.19,0.06,0.0,5.57,1.51,0.0,0,0
2026-09-01T18:06:20Z,54.84,ensayo_02_kinova,Linea_Base_WiFi6,89.21,71.37,0.0,17.84,71.37,2993.4,8426.0,24.7,19.9,3.91,12.1,8.0,4.09,0.0,11.43,6.93,0.0,0,0
2026-09-01T18:06:21Z,56.1,ensayo_02_kinova,Linea_Base_WiFi6,60.75,48.6,0.0,12.15,48.6,3758.6,4017.4,23.7,19.8,3.44,5.68,4.56,1.12,0.0,2.94,0.26,0.0,0,0
2026-09-01T18:06:22Z,57.35,ensayo_02_kinova,Linea_Base_WiFi6,11.49,9.19,0.0,2.3,9.19,728.0,742.4,6.4,7.2,40.23,45.6,42.91,2.69,0.0,8.47,4.87,0.0,0,0
2026-09-01T18:06:24Z,58.64,ensayo_02_kinova,Linea_Base_WiFi6,121.64,97.31,0.0,24.33,97.31,4413.4,11156.1,29.6,25.7,3.18,4.0,3.59,0.41,0.0,18.71,12.68,0.0,0,0
2026-09-01T18:06:25Z,59.89,ensayo_02_kinova,Linea_Base_WiFi6,88.33,70.66,0.0,17.67,70.66,5140.4,6165.5,30.4,25.6,6.82,10.13,8.47,1.66,0.0,6.94,3.29,0.0,0,0
2026-09-01T18:06:26Z,61.14,ensayo_02_kinova,Linea_Base_WiFi6,46.0,36.8,0.0,9.2,36.8,3622.9,2264.5,20.0,16.8,4.28,8.51,6.4,2.12,0.0,4.62,1.51,0.0,0,0
2026-09-01T18:06:27Z,62.4,ensayo_02_kinova,Linea_Base_WiFi6,52.34,41.87,0.0,10.47,41.87,2662.4,4036.7,18.3,16.7,3.76,9.95,6.86,3.09,0.0,6.39,3.1,0.0,0,0
2026-09-01T18:06:29Z,63.65,ensayo_02_kinova,Linea_Base_WiFi6,155.96,124.77,0.0,31.19,124.77,6299.9,13663.5,59.7,64.4,3.81,9.52,6.66,2.85,0.0,2.83,0.07,0.0,0,0
2026-09-01T18:06:30Z,64.91,ensayo_02_kinova,Linea_Base_WiFi6,105.58,84.46,0.0,21.12,84.46,6929.2,6584.5,20.7,35.1,4.96,11.5,8.23,3.27,0.0,9.56,0.67,0.0,0,0
2026-09-01T18:06:31Z,66.16,ensayo_02_kinova,Linea_Base_WiFi6,526.02,420.82,0.0,105.2,420.82,34179.8,33151.1,118.6,114.6,9.14,10.93,10.04,0.89,0.0,10.25,2.86,0.0,0,0
2026-09-01T18:06:32Z,67.42,ensayo_02_kinova,Linea_Base_WiFi6,100.04,80.03,0.0,20.01,80.03,3714.7,9090.4,23.8,22.2,6.57,7.97,7.27,0.7,0.0,4.81,1.51,0.0,0,0
2026-09-01T18:06:34Z,68.68,ensayo_02_kinova,Linea_Base_WiFi6,68.47,54.78,0.0,13.69,54.78,3747.8,5016.5,39.8,35.0,4.95,17.39,11.17,6.22,0.0,13.59,4.56,0.0,0,0
2026-09-01T18:06:35Z,69.95,ensayo_02_kinova,Linea_Base_WiFi6,88.44,70.75,0.0,17.69,70.75,5227.7,6092.9,47.1,44.0,3.0,10.87,6.93,3.94,0.0,35.37,30.71,0.0,0,0
2026-09-01T18:06:36Z,71.27,ensayo_02_kinova,Linea_Base_WiFi6,137.6,110.08,0.0,27.52,110.08,6051.3,11561.4,63.8,60.7,3.75,6.62,5.19,1.44,0.0,13.14,10.27,0.0,0,0
2026-09-01T18:06:37Z,72.55,ensayo_02_kinova,Linea_Base_WiFi6,60.62,48.5,0.0,12.12,48.5,3179.3,4579.7,28.2,26.6,5.47,12.12,8.8,3.33,0.0,5.37,2.08,0.0,0,0
2026-09-01T18:06:39Z,73.8,ensayo_02_kinova,Linea_Base_WiFi6,73.26,58.61,0.0,14.65,58.61,4312.0,5065.2,26.4,21.6,5.54,73.59,39.57,34.03,0.0,5.34,0.14,0.0,0,0
2026-09-01T18:06:40Z,75.12,ensayo_02_kinova,Linea_Base_WiFi6,4927.01,3941.61,0.0,985.4,3941.61,312495.3,318161.7,98.4,97.7,7.14,7.79,7.47,0.33,0.0,8.37,0.52,0.0,0,0
2026-09-01T18:06:41Z,76.38,ensayo_02_kinova,Linea_Base_WiFi6,747.11,597.69,0.0,149.42,597.69,47448.7,48180.9,35.7,30.1,4.28,4.88,4.58,0.3,0.0,3.19,0.26,0.0,0,0
2026-09-01T18:06:43Z,77.63,ensayo_02_kinova,Linea_Base_WiFi6,34.4,27.52,0.0,6.88,27.52,1404.0,2998.8,12.8,12.0,3.72,5.43,4.58,0.85,0.0,4.18,0.92,0.0,0,0
2026-09-01T18:06:44Z,78.88,ensayo_02_kinova,Linea_Base_WiFi6,139.52,111.62,0.0,27.9,111.62,5841.2,12017.2,55.9,63.9,4.4,5.86,5.12,0.73,0.0,8.43,0.2,0.0,0,0
2026-09-01T18:06:45Z,80.13,ensayo_02_kinova,Linea_Base_WiFi6,142.22,113.78,0.0,28.44,113.78,8515.5,9689.2,46.2,50.2,4.1,8.72,6.41,2.31,0.0,16.19,9.63,0.0,0,0
2026-09-01T18:06:46Z,81.4,ensayo_02_kinova,Linea_Base_WiFi6,255.44,204.35,0.0,51.09,204.35,16156.5,16539.3,53.6,62.2,6.85,6.85,6.85,0.0,50.0,22.19,9.42,0.0,0,0
2026-09-01T18:06:48Z,82.76,ensayo_02_kinova,Linea_Base_WiFi6,58.02,46.42,0.0,11.6,46.42,3381.9,4045.1,20.6,15.4,3.23,4.8,4.01,0.79,0.0,7.19,1.27,0.0,0,0
2026-09-01T18:06:49Z,84.02,ensayo_02_kinova,Linea_Base_WiFi6,58.81,47.05,0.0,11.76,47.05,3763.5,3763.5,25.5,25.5,3.53,3.88,3.71,0.17,0.0,14.74,10.14,0.0,0,0
2026-09-01T18:06:50Z,85.29,ensayo_02_kinova,Linea_Base_WiFi6,1500.29,1200.23,0.0,300.06,1200.23,96285.0,95751.9,48.8,48.0,6.88,22.28,14.58,7.7,0.0,5.3,1.24,0.0,0,0
2026-09-01T18:06:51Z,86.54,ensayo_02_kinova,Linea_Base_WiFi6,111.96,89.57,0.0,22.39,89.57,2323.8,12006.8,15.2,12.8,4.85,7.0,5.92,1.07,0.0,7.64,4.09,0.0,0,0
2026-09-01T18:06:53Z,87.8,ensayo_02_kinova,Linea_Base_WiFi6,384.62,307.7,0.0,76.92,307.7,25162.2,24069.2,62.6,62.6,8.04,33.42,20.73,12.69,0.0,42.76,39.8,0.0,0,0
2026-09-01T18:06:54Z,89.09,ensayo_02_kinova,Linea_Base_WiFi6,76.38,61.1,0.0,15.28,61.1,5152.8,4624.1,25.7,25.0,4.15,4.97,4.56,0.41,0.0,13.89,9.65,0.0,0,0
2026-09-01T18:06:55Z,90.35,ensayo_02_kinova,Linea_Base_WiFi6,8.5,6.8,0.0,1.7,6.8,544.0,544.0,6.3,6.3,3.33,4.18,3.76,0.43,0.0,3.36,0.02,0.0,0,0
2026-09-01T18:06:57Z,91.6,ensayo_02_kinova,Linea_Base_WiFi6,31.38,25.1,0.0,6.28,25.1,2279.6,1737.5,20.0,19.2,3.92,24.34,14.13,10.21,0.0,30.04,24.94,0.0,0,0
2026-09-01T18:06:58Z,92.85,ensayo_02_kinova,Linea_Base_WiFi6,65.46,52.37,0.0,13.09,52.37,4240.0,4139.1,27.2,26.4,6.65,14.95,10.8,4.15,0.0,21.71,15.84,0.0,0,0
2026-09-01T18:06:59Z,94.15,ensayo_02_kinova,Linea_Base_WiFi6,100.74,80.59,0.0,20.15,80.59,6671.7,6223.5,64.1,71.1,25.49,68.24,46.86,21.38,0.0,13.56,6.55,0.0,0,0
2026-09-01T18:07:00Z,95.43,ensayo_02_kinova,Linea_Base_WiFi6,38.96,31.17,0.0,7.79,31.17,2363.8,2623.6,25.7,32.8,8.07,25.15,16.61,8.54,0.0,21.97,9.51,0.0,0,0
2026-09-01T18:07:02Z,96.71,ensayo_02_kinova,Linea_Base_WiFi6,65.68,52.54,0.0,13.14,52.54,4056.1,4351.4,41.4,48.4,5.1,17.02,11.06,5.96,0.0,5.65,1.99,0.0,0,0
2026-09-01T18:07:03Z,97.97,ensayo_02_kinova,Linea_Base_WiFi6,1748.22,1398.58,0.0,349.64,1398.58,112178.2,111593.4,65.0,63.4,3.48,14.17,8.82,5.34,0.0,6.46,1.98,0.0,0,0
2026-09-01T18:07:04Z,99.23,ensayo_02_kinova,Linea_Base_WiFi6,4129.28,3303.42,0.0,825.86,3303.42,264376.5,264171.4,73.2,69.2,27.91,30.75,29.32,1.42,0.0,26.41,20.52,0.0,0,0
2026-09-01T18:07:05Z,100.5,ensayo_02_kinova,Linea_Base_WiFi6,13.54,10.83,0.0,2.71,10.83,1191.8,541.7,9.4,6.3,20.93,32.94,26.94,6.01,0.0,23.27,5.62,0.0,0,0
2026-09-01T18:07:07Z,101.81,ensayo_02_kinova,Linea_Base_WiFi6,7.25,5.8,0.0,1.45,5.8,464.1,464.1,5.4,5.4,6.22,9.64,7.93,1.71,0.0,7.77,2.39,0.0,0,0
2026-09-01T18:07:08Z,103.06,ensayo_02_kinova,Linea_Base_WiFi6,9.12,7.3,0.0,1.82,7.3,854.8,313.2,4.0,3.2,4.59,85.4,44.99,40.4,0.0,5.74,2.35,0.0,0,0
2026-09-01T18:07:09Z,104.31,ensayo_02_kinova,Linea_Base_WiFi6,117.83,94.26,0.0,23.57,94.26,7121.9,7960.6,38.2,53.4,3.57,3.69,3.63,0.06,0.0,4.18,0.73,0.0,0,0
2026-09-01T18:07:11Z,105.58,ensayo_02_kinova,Linea_Base_WiFi6,82.44,65.95,0.0,16.49,65.95,5419.3,5132.6,27.7,30.1,11.57,24.36,17.96,6.4,0.0,4.66,1.45,0.0,0,0
2026-09-01T18:07:12Z,106.85,ensayo_02_kinova,Linea_Base_WiFi6,15.21,12.17,0.0,3.04,12.17,1075.1,872.4,7.1,14.1,3.86,10.91,7.38,3.52,0.0,3.42,0.68,0.0,0,0
2026-09-01T18:07:13Z,108.09,ensayo_02_kinova,Linea_Base_WiFi6,18.95,15.16,0.0,3.79,15.16,1212.8,1212.8,11.2,11.2,3.88,4.31,4.09,0.21,0.0,5.09,0.21,0.0,0,0
2026-09-01T18:07:14Z,109.34,ensayo_02_kinova,Linea_Base_WiFi6,1183.93,947.14,0.0,236.79,947.14,76146.0,75397.0,85.6,80.8,2.76,3.8,3.28,0.52,0.0,4.75,1.67,0.0,0,0
2026-09-01T18:07:16Z,110.59,ensayo_02_kinova,Linea_Base_WiFi6,147.5,118.0,0.0,29.5,118.0,9301.5,9578.1,56.1,58.5,3.23,10.29,6.76,3.53,0.0,9.28,4.38,0.0,0,0
2026-09-01T18:07:17Z,111.85,ensayo_02_kinova,Linea_Base_WiFi6,179.96,143.97,0.0,35.99,143.97,11538.8,11495.9,72.3,71.5,9.16,27.38,18.27,9.11,0.0,5.89,0.38,0.0,0,0
2026-09-01T18:07:18Z,113.11,ensayo_02_kinova,Linea_Base_WiFi6,181.58,145.26,0.0,36.32,145.26,12195.8,11046.9,52.5,54.1,8.06,8.73,8.39,0.33,0.0,13.83,0.58,0.0,0,0
2026-09-01T18:07:19Z,114.37,ensayo_02_kinova,Linea_Base_WiFi6,2372.22,1897.78,0.0,474.44,1897.78,284118.3,19525.8,128.5,91.2,4.59,8.56,6.58,1.99,0.0,20.2,7.84,0.0,0,0
2026-09-01T18:07:21Z,115.65,ensayo_02_kinova,Linea_Base_WiFi6,88.92,71.14,0.0,17.78,71.14,5955.2,5426.0,37.5,36.7,3.47,8.58,6.03,2.55,0.0,5.77,0.53,0.0,0,0
2026-09-01T18:07:22Z,116.9,ensayo_02_kinova,Linea_Base_WiFi6,82.02,65.62,0.0,16.4,65.62,5249.0,5249.0,33.5,33.5,3.84,17.45,10.64,6.8,0.0,3.5,0.57,0.0,0,0
2026-09-01T18:07:23Z,118.15,ensayo_02_kinova,Linea_Base_WiFi6,82.58,66.06,0.0,16.52,66.06,5556.3,5014.4,32.8,32.0,6.61,18.34,12.47,5.86,0.0,4.3,1.04,0.0,0,0
2026-09-01T18:07:24Z,119.4,ensayo_02_kinova,Linea_Base_WiFi6,154.09,123.27,0.0,30.82,123.27,9862.0,9862.0,60.7,60.7,3.4,5.55,4.47,1.08,0.0,6.07,2.74,0.0,0,0
2026-09-01T18:07:26Z,120.65,ensayo_02_kinova,Linea_Base_WiFi6,303.29,242.63,0.0,60.66,242.63,21090.2,17731.0,60.0,60.0,4.31,10.72,7.51,3.21,0.0,5.59,0.88,0.0,0,0
2026-09-01T18:07:27Z,121.91,ensayo_02_kinova,Linea_Base_WiFi6,126.06,100.85,0.0,25.21,100.85,8338.2,7797.5,44.7,43.9,5.39,6.04,5.72,0.33,0.0,5.12,1.17,0.0,0,0
2026-09-01T18:07:28Z,123.16,ensayo_02_kinova,Linea_Base_WiFi6,85.37,68.3,0.0,17.07,68.3,5463.6,5463.6,33.5,33.5,4.83,6.2,5.51,0.68,0.0,5.19,1.34,0.0,0,0
2026-09-01T18:07:29Z,124.41,ensayo_02_kinova,Linea_Base_WiFi6,119.9,95.92,0.0,23.98,95.92,7918.2,7428.6,47.2,47.2,4.12,5.16,4.64,0.52,0.0,4.91,0.76,0.0,0,0
2026-09-01T18:07:31Z,125.66,ensayo_02_kinova,Linea_Base_WiFi6,111.48,89.18,0.0,22.3,89.18,7082.7,7187.2,66.2,71.7,3.73,3.93,3.83,0.1,0.0,5.18,1.47,0.0,0,0
2026-09-01T18:07:32Z,126.91,ensayo_02_kinova,Linea_Base_WiFi6,85.16,68.13,0.0,17.03,68.13,5678.6,5221.8,36.9,39.3,3.96,8.47,6.21,2.25,0.0,5.01,1.72,0.0,0,0
2026-09-01T18:07:33Z,128.16,ensayo_02_kinova,Linea_Base_WiFi6,81.39,65.11,0.0,16.28,65.11,5036.1,5381.5,34.5,42.5,3.94,26.05,15.0,11.05,0.0,23.88,20.18,0.0,0,0
2026-09-01T18:07:34Z,129.43,ensayo_02_kinova,Linea_Base_WiFi6,137.43,109.94,0.0,27.49,109.94,8246.0,9345.0,54.3,52.7,5.1,74.5,39.8,34.7,0.0,8.07,1.67,0.0,0,0
2026-09-01T18:07:36Z,130.68,ensayo_02_kinova,Linea_Base_WiFi6,299.39,239.51,0.0,59.88,239.51,11918.1,26403.8,51.9,53.5,3.58,24.93,14.26,10.68,0.0,23.89,20.5,0.0,0,0
2026-09-01T18:07:37Z,131.97,ensayo_02_kinova,Linea_Base_WiFi6,78.42,62.74,0.0,15.68,62.74,5058.6,4979.4,35.7,34.2,3.79,8.12,5.95,2.17,0.0,7.81,1.37,0.0,0,0
2026-09-01T18:07:38Z,133.23,ensayo_02_kinova,Linea_Base_WiFi6,89.85,71.88,0.0,17.97,71.88,6079.1,5421.9,36.5,33.3,5.38,5.78,5.58,0.2,0.0,4.46,0.82,0.0,0,0
2026-09-01T18:07:39Z,134.48,ensayo_02_kinova,Linea_Base_WiFi6,57.07,45.66,0.0,11.41,45.66,3702.7,3601.9,24.8,24.0,4.37,8.98,6.68,2.3,0.0,3.01,0.16,0.0,0,0
2026-09-01T18:07:41Z,135.73,ensayo_02_kinova,Linea_Base_WiFi6,92.26,73.81,0.0,18.45,73.81,5904.4,5904.4,39.3,39.3,3.34,29.25,16.29,12.96,0.0,23.96,14.49,0.0,0,0
2026-09-01T18:07:42Z,137.01,ensayo_02_kinova,Linea_Base_WiFi6,82.93,66.34,0.0,16.59,66.34,5572.1,5043.1,32.0,31.2,4.07,11.56,7.82,3.74,0.0,3.22,0.56,0.0,0,0
2026-09-01T18:07:43Z,138.26,ensayo_02_kinova,Linea_Base_WiFi6,100.45,80.36,0.0,20.09,80.36,6445.3,6411.8,39.1,38.3,3.35,5.44,4.4,1.05,0.0,3.02,0.02,0.0,0,0
2026-09-01T18:07:44Z,139.51,ensayo_02_kinova,Linea_Base_WiFi6,73.2,58.56,0.0,14.64,58.56,4957.0,4412.3,30.5,29.7,5.2,6.3,5.75,0.55,0.0,35.88,27.48,0.0,0,0
2026-09-01T18:07:46Z,140.82,ensayo_02_kinova,Linea_Base_WiFi6,214.39,171.51,0.0,42.88,171.51,9773.4,17668.6,79.2,90.6,4.2,8.94,6.57,2.37,0.0,2.93,0.05,0.0,0,0
2026-09-01T18:07:47Z,142.07,ensayo_02_kinova,Linea_Base_WiFi6,72.18,57.74,0.0,14.44,57.74,4914.6,4324.8,32.9,36.1,4.34,7.17,5.75,1.41,0.0,4.41,0.79,0.0,0,0
2026-09-01T18:07:48Z,143.32,ensayo_02_kinova,Linea_Base_WiFi6,33.84,27.07,0.0,6.77,27.07,1997.9,2333.9,12.8,20.8,4.85,12.09,8.47,3.62,0.0,3.42,0.51,0.0,0,0
2026-09-01T18:07:50Z,144.57,ensayo_02_kinova,Linea_Base_WiFi6,75.74,60.59,0.0,15.15,60.59,4847.3,4847.3,33.5,33.5,12.47,13.23,12.85,0.38,0.0,9.13,6.26,0.0,0,0
2026-09-01T18:07:51Z,145.83,ensayo_02_kinova,Linea_Base_WiFi6,46.89,37.51,0.0,9.38,37.51,3253.1,2748.5,28.6,28.6,3.22,5.33,4.28,1.06,0.0,7.81,3.15,0.0,0,0
2026-09-01T18:07:52Z,147.09,ensayo_02_kinova,Linea_Base_WiFi6,145.88,116.7,0.0,29.18,116.7,2177.8,16494.9,13.5,14.3,6.61,9.76,8.19,1.57,0.0,3.95,0.58,0.0,0,0
2026-09-01T18:07:53Z,148.36,ensayo_02_kinova,Linea_Base_WiFi6,12.2,9.76,0.0,2.44,9.76,1046.3,515.3,6.3,5.5,4.22,4.67,4.45,0.22,0.0,5.47,0.85,0.0,0,0
2026-09-01T18:07:55Z,149.62,ensayo_02_kinova,Linea_Base_WiFi6,1789.92,1431.94,0.0,357.98,1431.94,114554.8,114554.8,85.4,85.4,3.41,4.05,3.73,0.32,0.0,3.19,0.25,0.0,0,0
2026-09-01T18:07:56Z,150.87,ensayo_02_kinova,Linea_Base_WiFi6,100.81,80.65,0.0,20.16,80.65,6452.1,6452.1,23.3,23.3,3.61,10.86,7.23,3.62,0.0,7.16,0.24,0.0,0,0
2026-09-01T18:07:57Z,152.12,ensayo_02_kinova,Linea_Base_WiFi6,209.05,167.24,0.0,41.81,167.24,13263.3,13495.5,91.4,105.0,3.22,18.77,10.99,7.78,0.0,3.75,0.88,0.0,0,0
2026-09-01T18:07:58Z,153.39,ensayo_02_kinova,Linea_Base_WiFi6,184.35,147.48,0.0,36.87,147.48,11632.6,11964.5,68.0,75.9,4.95,6.15,5.55,0.6,0.0,3.04,0.13,0.0,0,0
2026-09-01T18:08:00Z,154.64,ensayo_02_kinova,Linea_Base_WiFi6,90.18,72.14,0.0,18.04,72.14,5925.3,5617.4,39.3,45.7,5.78,6.72,6.25,0.47,0.0,9.16,2.13,0.0,0,0
2026-09-01T18:08:01Z,155.89,ensayo_02_kinova,Linea_Base_WiFi6,104.37,83.5,0.0,20.87,83.5,6679.6,6679.6,42.2,42.2,4.16,4.25,4.2,0.04,0.0,4.11,0.4,0.0,0,0
2026-09-01T18:08:02Z,157.14,ensayo_02_kinova,Linea_Base_WiFi6,163.05,130.44,0.0,32.61,130.44,10672.2,10197.6,63.3,63.3,4.04,7.89,5.96,1.92,0.0,11.77,6.98,0.0,0,0
2026-09-01T18:08:03Z,158.41,ensayo_02_kinova,Linea_Base_WiFi6,155.32,124.26,0.0,31.06,124.26,9940.5,9940.5,59.1,59.1,3.62,6.81,5.21,1.6,0.0,7.15,2.83,0.0,0,0
2026-09-01T18:08:05Z,159.68,ensayo_02_kinova,Linea_Base_WiFi6,99.59,79.67,0.0,19.92,79.67,6373.8,6373.8,41.6,41.6,3.32,3.51,3.42,0.1,0.0,12.91,0.33,0.0,0,0
2026-09-01T18:08:06Z,160.94,ensayo_02_kinova,Linea_Base_WiFi6,192.22,153.78,0.0,38.44,153.78,12545.2,12059.0,73.9,73.9,8.01,69.17,38.59,30.58,0.0,10.75,6.28,0.0,0,0
2026-09-01T18:08:07Z,162.25,ensayo_02_kinova,Linea_Base_WiFi6,143.91,115.13,0.0,28.78,115.13,9210.2,9210.2,57.0,57.0,316.27,419.82,368.05,51.77,0.0,163.75,51.68,0.0,0,0
2026-09-01T18:08:09Z,163.96,ensayo_02_kinova,Linea_Base_WiFi6,99.67,79.74,0.0,19.93,79.74,6593.3,6164.2,39.3,38.1,249.81,350.24,300.02,50.22,0.0,13.0,0.0,50.0,0,0
2026-09-01T18:08:10Z,165.55,ensayo_02_kinova,Linea_Base_WiFi6,99.86,79.89,0.0,19.97,79.89,6390.8,6390.8,40.9,40.9,63.57,164.55,114.06,50.49,0.0,4.41,0.0,50.0,0,0
2026-09-01T18:08:12Z,166.96,ensayo_02_kinova,Linea_Base_WiFi6,119.99,95.99,0.0,24.0,95.99,7926.0,7432.3,44.7,44.0,196.8,298.32,247.56,50.76,0.0,3.9,0.0,50.0,0,0
2026-09-01T18:08:13Z,168.52,ensayo_02_kinova,Linea_Base_WiFi6,68.04,54.43,0.0,13.61,54.43,4404.8,4304.3,28.8,28.2,172.63,272.81,222.72,50.09,0.0,381.09,51.62,0.0,0,0
2026-09-01T18:08:15Z,170.27,ensayo_02_kinova,Linea_Base_WiFi6,54.27,43.42,0.0,10.85,43.42,3667.3,3279.2,23.5,22.9,263.72,366.97,315.34,51.62,0.0,4.37,1.26,0.0,0,0
2026-09-01T18:08:17Z,171.79,ensayo_02_kinova,Linea_Base_WiFi6,169.42,135.54,0.0,33.88,135.54,5711.2,15974.5,42.2,60.1,2.82,4.98,3.9,1.08,0.0,2.93,0.18,0.0,0,0
2026-09-01T18:08:18Z,173.04,ensayo_02_kinova,Linea_Base_WiFi6,111.58,89.26,0.0,22.32,89.26,7255.4,7027.4,42.4,49.6,2.96,16.19,9.57,6.62,0.0,11.85,5.82,0.0,0,0
2026-09-01T18:08:19Z,174.3,ensayo_02_kinova,Linea_Base_WiFi6,76.44,61.15,0.0,15.29,61.15,4775.5,5008.6,31.7,38.9,2.94,3.55,3.25,0.3,0.0,8.11,5.42,0.0,0,0
2026-09-01T18:08:20Z,175.54,ensayo_02_kinova,Linea_Base_WiFi6,72.18,57.74,0.0,14.44,57.74,4865.3,4374.0,32.9,32.9,4.51,7.39,5.95,1.44,0.0,5.9,1.17,0.0,0,0
2026-09-01T18:08:22Z,176.8,ensayo_02_kinova,Linea_Base_WiFi6,129.93,103.94,0.0,25.99,103.94,8146.3,8484.4,53.3,58.1,4.33,13.96,9.15,4.82,0.0,7.32,1.37,0.0,0,0
2026-09-01T18:08:23Z,178.05,ensayo_02_kinova,Linea_Base_WiFi6,37.25,29.8,0.0,7.45,29.8,2659.5,2108.3,16.0,14.4,6.26,6.74,6.5,0.24,0.0,9.26,0.17,0.0,0,0
2026-09-01T18:08:24Z,179.31,ensayo_02_kinova,Linea_Base_WiFi6,24.05,19.24,0.0,4.81,19.24,1539.1,1539.1,11.9,11.9,4.41,4.45,4.43,0.02,0.0,4.12,0.16,0.0,0,0
2026-09-01T18:08:25Z,180.56,ensayo_02_kinova,Linea_Base_WiFi6,30.08,24.06,0.0,6.02,24.06,1925.3,1925.3,14.4,14.4,5.28,6.72,6.0,0.72,0.0,6.08,0.18,0.0,0,0
2026-09-01T18:08:27Z,181.81,ensayo_02_kinova,Linea_Base_WiFi6,93.81,75.05,0.0,18.76,75.05,6273.8,5733.4,35.1,34.3,2.97,3.04,3.01,0.04,0.0,4.15,1.45,0.0,0,0
2026-09-01T18:08:28Z,183.06,ensayo_02_kinova,Linea_Base_WiFi6,186.65,149.32,0.0,37.33,149.32,13343.3,10548.1,30.4,29.6,3.43,3.58,3.51,0.08,0.0,11.79,8.64,0.0,0,0
2026-09-01T18:08:29Z,184.32,ensayo_02_kinova,Linea_Base_WiFi6,53.76,43.01,0.0,10.75,43.01,3709.0,3172.0,23.8,23.0,3.39,5.92,4.66,1.26,0.0,7.26,1.5,0.0,0,0
2026-09-01T18:08:31Z,185.58,ensayo_02_kinova,Linea_Base_WiFi6,79.11,63.29,0.0,15.82,63.29,5062.8,5062.8,33.4,33.4,3.2,3.39,3.3,0.1,0.0,3.52,0.32,0.0,0,0
2026-09-01T18:08:32Z,186.83,ensayo_02_kinova,Linea_Base_WiFi6,68.63,54.9,0.0,13.73,54.9,4392.6,4392.6,29.6,29.6,6.2,6.97,6.59,0.39,0.0,4.29,0.82,0.0,0,0
2026-09-01T18:08:33Z,188.08,ensayo_02_kinova,Linea_Base_WiFi6,57.2,45.76,0.0,11.44,45.76,3962.3,3359.3,25.5,23.9,2.83,11.03,6.93,4.1,0.0,3.28,0.71,0.0,0,0
2026-09-01T18:08:34Z,189.33,ensayo_02_kinova,Linea_Base_WiFi6,171.47,137.18,0.0,34.29,137.18,11009.1,10938.4,64.2,64.2,3.59,5.02,4.3,0.72,0.0,8.49,1.62,0.0,0,0
2026-09-01T18:08:36Z,190.59,ensayo_02_kinova,Linea_Base_WiFi6,301.9,241.52,0.0,60.38,241.52,16162.9,22480.3,69.2,69.2,2.81,4.66,3.74,0.92,0.0,5.49,2.38,0.0,0,0
2026-09-01T18:08:37Z,191.84,ensayo_02_kinova,Linea_Base_WiFi6,116.13,92.9,0.0,23.23,92.9,6146.8,8718.2,42.3,74.3,3.22,3.6,3.41,0.19,0.0,4.65,1.77,0.0,0,0
2026-09-01T18:08:38Z,193.09,ensayo_02_kinova,Linea_Base_WiFi6,71.82,57.46,0.0,14.36,57.46,4940.6,4252.1,32.9,35.3,3.27,4.61,3.94,0.67,0.0,3.62,0.9,0.0,0,0
2026-09-01T18:08:39Z,194.33,ensayo_02_kinova,Linea_Base_WiFi6,54.57,43.66,0.0,10.91,43.66,3406.0,3579.4,24.9,29.7,3.21,3.97,3.59,0.38,0.0,7.66,3.23,0.0,0,0
2026-09-01T18:08:41Z,195.59,ensayo_02_kinova,Linea_Base_WiFi6,82.69,66.15,0.0,16.54,66.15,5364.0,5220.7,38.2,36.6,4.77,6.31,5.54,0.77,0.0,4.58,1.94,0.0,0,0
2026-09-01T18:08:42Z,196.84,ensayo_02_kinova,Linea_Base_WiFi6,72.48,57.98,0.0,14.5,57.98,4629.2,4648.3,29.5,34.3,23.75,27.05,25.4,1.65,0.0,11.38,0.0,50.0,0,0
2026-09-01T18:08:43Z,198.21,ensayo_02_kinova,Linea_Base_WiFi6,30.49,24.39,0.0,6.1,24.39,2263.6,1639.3,24.2,16.9,4.82,61.42,33.12,28.3,0.0,5.13,0.0,50.0,0,0
2026-09-01T18:08:44Z,199.55,ensayo_02_kinova,Linea_Base_WiFi6,168.81,135.05,0.0,33.76,135.05,11151.4,10455.9,33.4,30.5,28.99,40.23,34.61,5.62,0.0,42.59,38.91,0.0,0,0
2026-09-01T18:08:46Z,200.9,ensayo_02_kinova,Linea_Base_WiFi6,145.8,116.64,0.0,29.16,116.64,5910.4,12751.5,35.5,31.8,4.72,17.45,11.08,6.36,0.0,37.1,30.9,0.0,0,0
2026-09-01T18:08:47Z,202.22,ensayo_02_kinova,Linea_Base_WiFi6,23.01,18.41,0.0,4.6,18.41,1730.5,1214.8,11.4,10.6,3.96,18.7,11.33,7.37,0.0,38.44,35.63,0.0,0,0
2026-09-01T18:08:48Z,203.55,ensayo_02_kinova,Linea_Base_WiFi6,4.85,3.88,0.0,0.97,3.88,294.7,326.3,3.0,3.8,0.0,0.0,0.0,0.0,0.0,0.5,0.2,0.0,0,0
2026-09-01T18:08:51Z,205.8,ensayo_02_kinova,Linea_Base_WiFi6,116.85,93.48,0.0,23.37,93.48,7357.8,7598.7,24.4,27.6,0.0,0.0,0.0,0.0,0.0,11.27,2.28,0.0,0,0
2026-09-01T18:08:52Z,207.55,ensayo_02_kinova,Linea_Base_WiFi6,112.59,90.07,0.0,22.52,90.07,2855.8,11555.1,24.5,45.6,2.88,3.28,3.08,0.2,0.0,4.79,1.65,0.0,0,0
2026-09-01T18:08:54Z,208.8,ensayo_02_kinova,Linea_Base_WiFi6,14.76,11.81,0.0,2.95,11.81,974.8,914.9,5.6,15.2,4.87,6.68,5.77,0.9,0.0,4.34,0.0,0.0,0,0
2026-09-01T18:08:55Z,210.05,ensayo_02_kinova,Linea_Base_WiFi6,15.17,12.14,0.0,3.03,12.14,786.2,1155.8,9.6,18.4,3.48,14.07,8.78,5.29,0.0,4.03,0.96,0.0,0,0
2026-09-01T18:08:56Z,211.3,ensayo_02_kinova,Linea_Base_WiFi6,36.62,29.3,0.0,7.32,29.3,2615.3,2072.5,18.4,17.6,4.63,7.54,6.09,1.46,0.0,5.53,0.73,0.0,0,0
2026-09-01T18:08:57Z,212.55,ensayo_02_kinova,Linea_Base_WiFi6,62.01,49.61,0.0,12.4,49.61,3730.3,4207.6,36.8,42.4,3.57,12.7,8.14,4.57,0.0,4.56,1.73,0.0,0,0
2026-09-01T18:08:59Z,213.82,ensayo_02_kinova,Linea_Base_WiFi6,65.77,52.62,0.0,13.15,52.62,4209.1,4209.1,42.7,42.7,2.37,5.86,4.11,1.75,0.0,5.54,0.96,0.0,0,0
2026-09-01T18:09:00Z,215.07,ensayo_02_kinova,Linea_Base_WiFi6,23.07,18.46,0.0,4.61,18.46,1748.3,1205.1,13.6,12.8,3.67,4.9,4.28,0.61,0.0,4.59,2.15,0.0,0,0
2026-09-01T18:09:01Z,216.32,ensayo_02_kinova,Linea_Base_WiFi6,23.75,19.0,0.0,4.75,19.0,1570.3,1469.9,17.5,16.7,3.35,8.99,6.17,2.82,0.0,4.87,0.51,0.0,0,0
2026-09-01T18:09:03Z,217.58,ensayo_02_kinova,Linea_Base_WiFi6,5797.6,4638.08,0.0,1159.52,4638.08,371316.1,370776.1,89.2,88.4,3.41,13.68,8.55,5.14,0.0,3.85,0.97,0.0,0,0
2026-09-01T18:09:04Z,218.83,ensayo_02_kinova,Linea_Base_WiFi6,10.86,8.69,0.0,2.17,8.69,687.4,703.3,8.0,8.0,3.47,10.47,6.97,3.5,0.0,4.12,0.4,0.0,0,0
2026-09-01T18:09:05Z,220.08,ensayo_02_kinova,Linea_Base_WiFi6,17.94,14.35,0.0,3.59,14.35,1394.5,902.4,11.2,10.4,3.96,9.69,6.83,2.86,0.0,3.07,0.11,0.0,0,0
2026-09-01T18:09:06Z,221.33,ensayo_02_kinova,Linea_Base_WiFi6,12.07,9.66,0.0,2.41,9.66,764.5,780.5,9.6,9.6,4.92,5.44,5.18,0.26,0.0,5.22,2.81,0.0,0,0
2026-09-01T18:09:08Z,222.58,ensayo_02_kinova,Linea_Base_WiFi6,362.57,290.06,0.0,72.51,290.06,23139.7,23269.8,61.8,63.4,7.71,24.59,16.15,8.44,0.0,17.89,10.73,0.0,0,0
2026-09-01T18:09:09Z,223.85,ensayo_02_kinova,Linea_Base_WiFi6,28.58,22.86,0.0,5.72,22.86,2087.2,1570.9,13.3,12.6,3.29,5.72,4.5,1.22,0.0,5.9,2.57,0.0,0,0
2026-09-01T18:09:10Z,225.11,ensayo_02_kinova,Linea_Base_WiFi6,68.55,54.84,0.0,13.71,54.84,4322.6,4451.3,26.2,27.8,3.65,7.2,5.43,1.78,0.0,3.41,0.09,0.0,0,0
2026-09-01T18:09:11Z,226.37,ensayo_02_kinova,Linea_Base_WiFi6,52.53,42.02,0.0,10.51,42.02,3631.3,3092.2,23.9,23.1,5.35,6.04,5.69,0.35,0.0,6.33,3.04,0.0,0,0
2026-09-01T18:09:13Z,227.63,ensayo_02_kinova,Linea_Base_WiFi6,124.26,99.41,0.0,24.85,99.41,6697.9,9207.6,43.5,75.2,3.87,5.04,4.46,0.59,0.0,4.73,1.81,0.0,0,0
2026-09-01T18:09:14Z,228.87,ensayo_02_kinova,Linea_Base_WiFi6,161.44,129.15,0.0,32.29,129.15,10138.0,10525.9,29.0,37.9,4.08,20.61,12.35,8.26,0.0,5.74,1.15,0.0,0,0
2026-09-01T18:09:15Z,230.14,ensayo_02_kinova,Linea_Base_WiFi6,102.46,81.97,0.0,20.49,81.97,6760.2,6354.2,22.8,26.0,4.87,7.87,6.37,1.5,0.0,3.49,0.28,0.0,0,0
2026-09-01T18:09:16Z,231.39,ensayo_02_kinova,Linea_Base_WiFi6,337.46,269.97,0.0,67.49,269.97,11112.3,32083.1,57.7,58.5,4.89,6.52,5.7,0.81,0.0,3.83,0.51,0.0,0,0
2026-09-01T18:09:18Z,232.64,ensayo_02_kinova,Linea_Base_WiFi6,102.68,82.14,0.0,20.54,82.14,6825.6,6317.5,37.5,37.5,4.63,8.06,6.35,1.72,0.0,4.78,1.75,0.0,0,0
2026-09-01T18:09:19Z,233.89,ensayo_02_kinova,Linea_Base_WiFi6,24.84,19.87,0.0,4.97,19.87,1606.7,1573.1,16.8,16.0,3.31,3.94,3.62,0.32,0.0,5.17,1.08,0.0,0,0
2026-09-01T18:09:20Z,235.14,ensayo_02_kinova,Linea_Base_WiFi6,44.59,35.67,0.0,8.92,35.67,3185.2,2522.6,27.2,24.0,2.89,4.58,3.73,0.84,0.0,4.02,0.95,0.0,0,0
2026-09-01T18:09:21Z,236.39,ensayo_02_kinova,Linea_Base_WiFi6,55.61,44.49,0.0,11.12,44.49,3669.9,3448.7,28.1,24.9,4.51,7.62,6.06,1.55,0.0,4.81,0.82,0.0,0,0
2026-09-01T18:09:23Z,237.64,ensayo_02_kinova,Linea_Base_WiFi6,5.71,4.57,0.0,1.14,4.57,365.7,365.7,4.0,4.0,9.7,20.89,15.29,5.59,0.0,10.85,3.63,0.0,0,0
2026-09-01T18:09:24Z,238.9,ensayo_02_kinova,Linea_Base_WiFi6,26.23,20.98,0.0,5.25,20.98,1969.5,1387.4,17.5,15.9,3.31,5.03,4.17,0.86,0.0,15.83,10.39,0.0,0,0
2026-09-01T18:09:25Z,240.17,ensayo_02_kinova,Linea_Base_WiFi6,28.66,22.93,0.0,5.73,22.93,1855.3,1812.9,17.3,16.5,11.6,13.79,12.7,1.09,0.0,19.86,17.04,0.0,0,0
2026-09-01T18:09:26Z,241.47,ensayo_02_kinova,Linea_Base_WiFi6,48.71,38.97,0.0,9.74,38.97,3379.8,2855.1,26.3,25.5,3.26,8.05,5.66,2.39,0.0,3.84,0.96,0.0,0,0
2026-09-01T18:09:28Z,242.72,ensayo_02_kinova,Linea_Base_WiFi6,41.56,33.25,0.0,8.31,33.25,2660.0,2660.0,22.4,22.4,3.4,4.52,3.96,0.56,0.0,3.17,0.11,0.0,0,0
2026-09-01T18:09:29Z,243.96,ensayo_02_kinova,Linea_Base_WiFi6,102.35,81.88,0.0,20.47,81.88,5605.6,7495.3,54.5,85.0,3.73,4.7,4.22,0.48,0.0,3.13,0.18,0.0,0,0
2026-09-01T18:09:30Z,245.21,ensayo_02_kinova,Linea_Base_WiFi6,5148.73,4118.98,0.0,1029.75,4118.98,329290.4,329747.0,88.9,100.9,4.37,5.42,4.89,0.53,0.0,4.47,0.64,0.0,0,0
2026-09-01T18:09:31Z,246.46,ensayo_02_kinova,Linea_Base_WiFi6,806.37,645.1,0.0,161.27,645.1,51190.4,52025.1,48.1,52.9,4.47,8.43,6.45,1.98,0.0,4.48,0.52,0.0,0,0
2026-09-01T18:09:33Z,247.71,ensayo_02_kinova,Linea_Base_WiFi6,38.31,30.65,0.0,7.66,30.65,2514.9,2388.5,12.0,14.4,5.0,5.24,5.12,0.12,0.0,6.08,1.8,0.0,0,0
2026-09-01T18:09:34Z,248.96,ensayo_02_kinova,Linea_Base_WiFi6,79.21,63.37,0.0,15.84,63.37,5249.6,4889.1,59.0,52.6,3.74,12.28,8.01,4.27,0.0,10.24,4.33,0.0,0,0
2026-09-01T18:09:35Z,250.23,ensayo_02_kinova,Linea_Base_WiFi6,83.32,66.66,0.0,16.66,66.66,5947.6,4717.3,51.4,49.8,5.47,7.26,6.37,0.9,0.0,9.39,6.63,0.0,0,0
2026-09-01T18:09:36Z,251.48,ensayo_02_kinova,Linea_Base_WiFi6,5190.42,4152.34,0.0,1038.08,4152.34,332277.1,332096.3,113.6,112.0,4.74,8.98,6.86,2.12,0.0,10.08,4.84,0.0,0,0
2026-09-01T18:09:38Z,252.75,ensayo_02_kinova,Linea_Base_WiFi6,973.46,778.77,0.0,194.69,778.77,59212.1,65390.8,70.9,71.7,3.85,7.96,5.9,2.06,0.0,26.04,21.95,0.0,0,0
2026-09-01T18:09:39Z,254.0,ensayo_02_kinova,Linea_Base_WiFi6,29.94,23.95,0.0,5.99,23.95,2154.2,1677.6,12.0,11.2,5.51,5.71,5.61,0.1,0.0,5.83,2.51,0.0,0,0
2026-09-01T18:09:40Z,255.26,ensayo_02_kinova,Linea_Base_WiFi6,134.06,107.25,0.0,26.81,107.25,8788.1,8371.8,39.1,36.7,3.59,6.78,5.19,1.6,0.0,2.84,0.12,0.0,0,0
2026-09-01T18:09:41Z,256.51,ensayo_02_kinova,Linea_Base_WiFi6,28.52,22.82,0.0,5.7,22.82,2389.3,1261.0,14.4,12.8,8.24,10.45,9.35,1.1,0.0,5.24,1.82,0.0,0,0
2026-09-01T18:09:43Z,257.76,ensayo_02_kinova,Linea_Base_WiFi6,13.92,11.14,0.0,2.78,11.14,1179.5,601.7,9.6,5.6,4.09,6.86,5.47,1.38,0.0,8.17,0.0,50.0,0,0
2026-09-01T18:09:44Z,259.11,ensayo_02_kinova,Linea_Base_WiFi6,20.49,16.39,0.0,4.1,16.39,1835.8,786.4,9.7,8.2,5.57,10.77,8.17,2.6,0.0,6.89,1.8,0.0,0,0
2026-09-01T18:09:45Z,260.37,ensayo_02_kinova,Linea_Base_WiFi6,1318.54,1054.83,0.0,263.71,1054.83,81979.0,86793.5,90.5,78.6,4.8,4.8,4.8,0.0,50.0,12.37,9.78,0.0,0,0
2026-09-01T18:09:47Z,261.71,ensayo_02_kinova,Linea_Base_WiFi6,293.68,234.94,0.0,58.74,234.94,24044.1,13547.5,49.4,42.6,5.35,74.82,40.08,34.74,0.0,27.02,13.3,0.0,0,0
2026-09-01T18:09:48Z,262.96,ensayo_02_kinova,Linea_Base_WiFi6,27.21,21.77,0.0,5.44,21.77,2437.1,1045.4,14.3,11.1,5.62,7.21,6.41,0.79,0.0,5.17,0.18,0.0,0,0
2026-09-01T18:09:49Z,264.21,ensayo_02_kinova,Linea_Base_WiFi6,77.84,62.27,0.0,15.57,62.27,5056.9,4906.6,49.6,56.8,3.61,4.5,4.05,0.44,0.0,3.98,0.8,0.0,0,0
2026-09-01T18:09:50Z,265.46,ensayo_02_kinova,Linea_Base_WiFi6,28.94,23.15,0.0,5.79,23.15,2258.1,1446.6,13.6,20.8,3.03,7.95,5.49,2.46,0.0,4.63,0.8,0.0,0,0
2026-09-01T18:09:52Z,266.71,ensayo_02_kinova,Linea_Base_WiFi6,85.31,68.25,0.0,17.06,68.25,1995.5,8924.3,17.6,28.0,5.74,31.11,18.42,12.68,0.0,6.67,3.01,0.0,0,0
2026-09-01T18:09:53Z,267.97,ensayo_02_kinova,Linea_Base_WiFi6,6467.92,5174.34,0.0,1293.58,5174.34,409071.1,418822.7,100.4,98.8,4.38,9.98,7.18,2.8,0.0,3.1,0.03,0.0,0,0
2026-09-01T18:09:54Z,269.22,ensayo_02_kinova,Linea_Base_WiFi6,1883.11,1506.49,0.0,376.62,1506.49,119777.9,121260.1,66.5,71.3,3.56,10.1,6.83,3.27,0.0,6.28,3.63,0.0,0,0
2026-09-01T18:09:55Z,270.46,ensayo_02_kinova,Linea_Base_WiFi6,35847.23,28677.78,0.0,7169.45,28677.78,2490145.1,2098300.1,327.3,260.7,4.19,24.97,14.58,10.39,0.0,4.65,0.27,0.0,0,0
2026-09-01T18:09:57Z,271.73,ensayo_02_kinova,Linea_Base_WiFi6,34.89,27.91,0.0,6.98,27.91,2709.7,1756.3,14.3,15.8,4.81,21.01,12.91,8.1,0.0,20.59,12.3,0.0,0,0
2026-09-01T18:09:58Z,273.02,ensayo_02_kinova,Linea_Base_WiFi6,6472.12,5177.7,0.0,1294.42,5177.7,414387.6,414043.5,127.3,131.9,10.94,61.38,36.16,25.22,0.0,20.88,4.12,0.0,0,0
2026-09-01T18:09:59Z,274.35,ensayo_02_kinova,Linea_Base_WiFi6,26.53,21.22,0.0,5.31,21.22,1735.5,1660.2,8.3,6.8,5.26,28.85,17.06,11.79,0.0,63.67,45.35,0.0,0,0
2026-09-01T18:10:01Z,275.62,ensayo_02_kinova,Linea_Base_WiFi6,4760.67,3808.54,0.0,952.13,3808.54,304839.4,304526.2,75.1,73.6,4.34,5.65,5.0,0.66,0.0,4.75,0.34,0.0,0,0
2026-09-01T18:10:02Z,276.87,ensayo_02_kinova,Linea_Base_WiFi6,4257.74,3406.19,0.0,851.55,3406.19,271993.2,272997.5,53.6,53.6,5.88,7.57,6.73,0.84,0.0,4.58,1.65,0.0,0,0
2026-09-01T18:10:03Z,278.12,ensayo_02_kinova,Linea_Base_WiFi6,1620.17,1296.14,0.0,324.03,1296.14,103923.5,103458.5,44.7,43.9,3.37,3.82,3.6,0.22,0.0,4.8,0.92,0.0,0,0
2026-09-01T18:10:04Z,279.37,ensayo_02_kinova,Linea_Base_WiFi6,14.79,11.83,0.0,2.96,11.83,1026.0,867.7,10.4,9.6,3.81,6.45,5.13,1.32,0.0,3.31,0.27,0.0,0,0
2026-09-01T18:10:06Z,280.62,ensayo_02_kinova,Linea_Base_WiFi6,95.53,76.42,0.0,19.11,76.42,6917.3,5311.1,23.2,19.2,4.83,61.94,33.38,28.55,0.0,25.04,9.35,0.0,0,0
2026-09-01T18:10:07Z,281.9,ensayo_02_kinova,Linea_Base_WiFi6,156.73,125.38,0.0,31.35,125.38,3862.8,16198.3,15.6,12.5,5.29,19.48,12.39,7.09,0.0,18.2,13.95,0.0,0,0
2026-09-01T18:10:08Z,283.16,ensayo_02_kinova,Linea_Base_WiFi6,306.47,245.18,0.0,61.29,245.18,34516.1,4712.5,41.1,36.4,3.87,4.81,4.34,0.47,0.0,2.95,0.21,0.0,0,0
2026-09-01T18:10:09Z,284.41,ensayo_02_kinova,Linea_Base_WiFi6,198.03,158.42,0.0,39.61,158.42,12704.5,12643.4,96.4,102.9,4.13,5.5,4.82,0.68,0.0,8.0,2.74,0.0,0,0
2026-09-01T18:10:11Z,285.65,ensayo_02_kinova,Linea_Base_WiFi6,131.91,105.53,0.0,26.38,105.53,8055.7,8829.4,52.3,60.3,3.88,4.87,4.38,0.49,0.0,4.83,0.49,0.0,0,0
2026-09-01T18:10:12Z,286.91,ensayo_02_kinova,Linea_Base_WiFi6,125.04,100.03,0.0,25.01,100.03,8452.8,7552.7,50.0,55.6,4.44,9.46,6.95,2.51,0.0,5.52,2.62,0.0,0,0
2026-09-01T18:10:13Z,288.17,ensayo_02_kinova,Linea_Base_WiFi6,126.42,101.14,0.0,25.28,101.14,8169.6,8012.3,55.6,54.8,5.7,6.8,6.25,0.55,0.0,11.12,3.1,0.0,0,0
2026-09-01T18:10:14Z,289.42,ensayo_02_kinova,Linea_Base_WiFi6,160.77,128.62,0.0,32.15,128.62,10891.0,9687.1,59.7,58.1,3.67,5.1,4.38,0.72,0.0,8.84,2.38,0.0,0,0
2026-09-01T18:10:16Z,290.68,ensayo_02_kinova,Linea_Base_WiFi6,166.41,133.13,0.0,33.28,133.13,4562.6,16737.9,33.3,36.5,7.32,18.79,13.05,5.74,0.0,3.86,0.85,0.0,0,0
2026-09-01T18:10:17Z,291.95,ensayo_02_kinova,Linea_Base_WiFi6,1028.19,822.55,0.0,205.64,822.55,8313.7,123294.4,81.6,60.2,6.82,10.69,8.75,1.94,0.0,12.95,2.83,0.0,0,0
2026-09-01T18:10:18Z,293.21,ensayo_02_kinova,Linea_Base_WiFi6,10.68,8.54,0.0,2.14,8.54,761.8,605.2,7.1,6.3,3.66,3.88,3.77,0.11,0.0,5.02,3.15,0.0,0,0
2026-09-01T18:10:19Z,294.46,ensayo_02_kinova,Linea_Base_WiFi6,24.53,19.62,0.0,4.91,19.62,1267.3,1872.6,12.8,13.6,7.46,7.73,7.59,0.14,0.0,2.88,0.17,0.0,0,0
2026-09-01T18:10:21Z,295.71,ensayo_02_kinova,Linea_Base_WiFi6,27.9,22.32,0.0,5.58,22.32,2484.8,1086.3,15.2,12.0,3.55,5.96,4.75,1.21,0.0,5.96,0.84,0.0,0,0
2026-09-01T18:10:22Z,296.97,ensayo_02_kinova,Linea_Base_WiFi6,9.9,7.92,0.0,1.98,7.92,712.8,554.6,6.4,5.6,4.62,5.93,5.27,0.65,0.0,5.11,0.52,0.0,0,0
2026-09-01T18:10:23Z,298.22,ensayo_02_kinova,Linea_Base_WiFi6,1562.19,1249.75,0.0,312.44,1249.75,100567.2,99392.7,31.1,29.5,3.52,10.95,7.24,3.71,0.0,4.1,0.99,0.0,0,0
2026-09-01T18:10:24Z,299.47,ensayo_02_kinova,Linea_Base_WiFi6,16949.29,13559.43,0.0,3389.86,13559.43,1084077.3,1085431.4,147.4,168.1,3.53,6.82,5.17,1.65,0.0,12.85,8.57,0.0,0,0
2026-09-01T18:10:26Z,300.75,ensayo_02_kinova,Linea_Base_WiFi6,9258.93,7407.14,0.0,1851.79,7407.14,593355.9,591786.7,96.6,101.3,7.41,17.2,12.3,4.89,0.0,4.13,0.61,0.0,0,0
2026-09-01T18:10:27Z,302.0,ensayo_02_kinova,Linea_Base_WiFi6,6207.09,4965.67,0.0,1241.42,4965.67,397237.8,397269.7,71.8,81.4,4.49,37.71,21.1,16.61,0.0,4.77,0.01,0.0,0,0
2026-09-01T18:10:28Z,303.25,ensayo_02_kinova,Linea_Base_WiFi6,10827.3,8661.84,0.0,2165.46,8661.84,693030.1,692863.7,102.4,100.8,4.28,5.28,4.78,0.5,0.0,2.85,0.06,0.0,0,0
2026-09-01T18:10:29Z,304.5,ensayo_02_kinova,Linea_Base_WiFi6,10865.57,8692.46,0.0,2173.11,8692.46,695936.2,694856.4,93.1,92.3,5.62,18.67,12.14,6.52,0.0,6.92,0.65,0.0,0,0
2026-09-01T18:10:31Z,305.77,ensayo_02_kinova,Linea_Base_WiFi6,8361.69,6689.35,0.0,1672.34,6689.35,535300.2,534996.8,86.7,85.1,5.01,59.16,32.09,27.08,0.0,5.32,0.82,0.0,0,0
2026-09-01T18:10:32Z,307.07,ensayo_02_kinova,Linea_Base_WiFi6,7409.58,5927.66,0.0,1481.92,5927.66,474809.1,473617.8,60.6,58.3,5.15,7.63,6.39,1.24,0.0,4.31,1.2,0.0,0,0
2026-09-01T18:10:33Z,308.32,ensayo_02_kinova,Linea_Base_WiFi6,3101.39,2481.11,0.0,620.28,2481.11,198568.4,198410.1,44.8,44.0,2.75,6.21,4.48,1.73,0.0,3.28,0.15,0.0,0,0
2026-09-01T18:10:34Z,309.57,ensayo_02_kinova,Linea_Base_WiFi6,8537.06,6829.65,0.0,1707.41,6829.65,546451.1,546292.3,81.0,80.2,4.87,4.89,4.88,0.01,0.0,4.28,0.63,0.0,0,0
2026-09-01T18:10:36Z,310.82,ensayo_02_kinova,Linea_Base_WiFi6,10822.25,8657.8,0.0,2164.45,8657.8,692885.5,692362.0,99.2,98.4,4.58,15.25,9.91,5.33,0.0,5.23,2.56,0.0,0,0
2026-09-01T18:10:37Z,312.07,ensayo_02_kinova,Linea_Base_WiFi6,12324.28,9859.42,0.0,2464.86,9859.42,788808.8,788698.6,91.8,92.6,14.53,22.8,18.66,4.13,0.0,8.41,2.69,0.0,0,0
2026-09-01T18:10:38Z,313.34,ensayo_02_kinova,Linea_Base_WiFi6,9859.4,7887.52,0.0,1971.88,7887.52,631557.1,630446.0,86.4,85.6,5.0,9.59,7.3,2.29,0.0,7.46,1.09,0.0,0,0
2026-09-01T18:10:40Z,314.6,ensayo_02_kinova,Linea_Base_WiFi6,11648.42,9318.74,0.0,2329.68,9318.74,744477.4,746520.0,115.5,143.4,3.06,14.88,8.97,5.91,0.0,7.24,3.19,0.0,0,0
2026-09-01T18:10:41Z,315.87,ensayo_02_kinova,Linea_Base_WiFi6,2185.14,1748.11,0.0,437.03,1748.11,272616.5,7081.5,87.5,63.8,3.59,3.68,3.64,0.04,0.0,3.96,0.62,0.0,0,0
2026-09-01T18:10:42Z,317.12,ensayo_02_kinova,Linea_Base_WiFi6,10061.98,8049.58,0.0,2012.4,8049.58,644363.4,643569.7,93.6,100.0,4.32,4.84,4.58,0.26,0.0,5.93,2.1,0.0,0,0
2026-09-01T18:10:43Z,318.37,ensayo_02_kinova,Linea_Base_WiFi6,1591.91,1273.53,0.0,318.38,1273.53,101759.7,102005.2,45.4,43.8,4.63,6.43,5.53,0.9,0.0,4.6,0.63,0.0,0,0
2026-09-01T18:10:45Z,319.62,ensayo_02_kinova,Linea_Base_WiFi6,12369.47,9895.58,0.0,2473.89,9895.58,791389.6,791902.2,112.6,111.8,3.29,3.7,3.5,0.2,0.0,3.1,0.15,0.0,0,0
2026-09-01T18:10:46Z,320.87,ensayo_02_kinova,Linea_Base_WiFi6,4740.39,3792.31,0.0,948.08,3792.31,300504.2,306265.9,75.2,72.8,8.67,14.45,11.56,2.89,0.0,6.84,3.25,0.0,0,0
2026-09-01T18:10:47Z,322.14,ensayo_02_kinova,Linea_Base_WiFi6,21344.29,17075.43,0.0,4268.86,17075.43,1366594.4,1365474.8,150.9,150.1,3.42,9.32,6.37,2.95,0.0,7.82,3.86,0.0,0,0
2026-09-01T18:10:48Z,323.4,ensayo_02_kinova,Linea_Base_WiFi6,3836.04,3068.83,0.0,767.21,3068.83,245494.7,245518.4,32.5,33.3,4.87,8.88,6.88,2.0,0.0,7.67,0.49,0.0,0,0
2026-09-01T18:10:50Z,324.66,ensayo_02_kinova,Linea_Base_WiFi6,9947.21,7957.77,0.0,1989.44,7957.77,636785.2,636457.4,94.2,92.7,3.92,3.98,3.95,0.03,0.0,5.48,2.9,0.0,0,0
2026-09-01T18:10:51Z,325.92,ensayo_02_kinova,Linea_Base_WiFi6,14650.6,11720.48,0.0,2930.12,11720.48,937876.6,937399.6,110.9,110.1,3.45,6.31,4.88,1.43,0.0,13.2,8.89,0.0,0,0
2026-09-01T18:10:52Z,327.18,ensayo_02_kinova,Linea_Base_WiFi6,7070.16,5656.13,0.0,1414.03,5656.13,454257.1,450723.4,83.7,79.8,6.17,17.0,11.58,5.42,0.0,6.21,1.51,0.0,0,0
2026-09-01T18:10:53Z,328.44,ensayo_02_kinova,Linea_Base_WiFi6,39.34,31.47,0.0,7.87,31.47,4254.0,782.0,10.4,8.8,4.5,11.5,8.0,3.5,0.0,3.31,0.05,0.0,0,0
2026-09-01T18:10:55Z,329.69,ensayo_02_kinova,Linea_Base_WiFi6,4655.1,3724.08,0.0,931.02,3724.08,298028.3,297825.0,58.4,57.6,4.13,5.79,4.96,0.83,0.0,2.86,0.0,0.0,0,0
2026-09-01T18:10:56Z,330.94,ensayo_02_kinova,Linea_Base_WiFi6,10857.93,8686.34,0.0,2171.59,8686.34,695529.9,694285.3,88.1,85.7,15.92,20.41,18.16,2.24,0.0,11.72,1.4,0.0,0,0
2026-09-01T18:10:57Z,332.22,ensayo_02_kinova,Linea_Base_WiFi6,12108.91,9687.13,0.0,2421.78,9687.13,775052.7,774888.4,98.6,97.8,3.67,4.22,3.94,0.27,0.0,12.33,9.27,0.0,0,0
2026-09-01T18:10:58Z,333.48,ensayo_02_kinova,Linea_Base_WiFi6,7637.66,6110.13,0.0,1527.53,6110.13,488888.4,488732.2,56.8,56.0,4.6,11.04,7.82,3.22,0.0,3.57,0.66,0.0,0,0
2026-09-01T18:11:00Z,334.74,ensayo_02_kinova,Linea_Base_WiFi6,3200.64,2560.51,0.0,640.13,2560.51,203883.6,205798.3,64.6,95.0,2.77,6.99,4.88,2.11,0.0,5.39,1.64,0.0,0,0
2026-09-01T18:11:01Z,335.99,ensayo_02_kinova,Linea_Base_WiFi6,4684.46,3747.57,0.0,936.89,3747.57,299904.6,299705.8,86.2,89.4,3.29,4.45,3.87,0.58,0.0,8.88,0.87,0.0,0,0
2026-09-01T18:11:02Z,337.25,ensayo_02_kinova,Linea_Base_WiFi6,6971.19,5576.95,0.0,1394.24,5576.95,446581.3,445730.7,68.5,74.9,5.27,19.19,12.23,6.96,0.0,6.02,0.0,0.0,0,0
2026-09-01T18:11:03Z,338.51,ensayo_02_kinova,Linea_Base_WiFi6,21.64,17.31,0.0,4.33,17.31,1462.9,1306.5,12.6,11.8,6.75,7.18,6.96,0.22,0.0,6.05,1.14,0.0,0,0
2026-09-01T18:11:05Z,339.77,ensayo_02_kinova,Linea_Base_WiFi6,29.92,23.94,0.0,5.98,23.94,1751.2,2078.0,16.7,23.1,4.8,5.61,5.21,0.4,0.0,3.35,0.4,0.0,0,0
2026-09-01T18:11:06Z,341.02,ensayo_02_kinova,Linea_Base_WiFi6,1050.49,840.39,0.0,210.1,840.39,67915.8,66547.0,72.0,73.6,7.68,7.71,7.7,0.01,0.0,5.19,0.9,0.0,0,0
2026-09-01T18:11:07Z,342.26,ensayo_02_kinova,Linea_Base_WiFi6,139.91,111.93,0.0,27.98,111.93,11534.0,6375.1,25.7,24.9,4.5,5.26,4.88,0.38,0.0,4.56,0.58,0.0,0,0
2026-09-01T18:11:08Z,343.51,ensayo_02_kinova,Linea_Base_WiFi6,4680.77,3744.62,0.0,936.15,3744.62,300188.7,298949.6,63.2,60.8,6.1,8.4,7.25,1.15,0.0,7.41,0.61,0.0,0,0
2026-09-01T18:11:10Z,344.76,ensayo_02_kinova,Linea_Base_WiFi6,8499.73,6799.78,0.0,1699.95,6799.78,544157.5,543807.7,73.5,71.1,3.57,17.16,10.37,6.8,0.0,5.29,1.24,0.0,0,0
2026-09-01T18:11:11Z,346.02,ensayo_02_kinova,Linea_Base_WiFi6,5402.29,4321.83,0.0,1080.46,4321.83,346333.8,345158.9,61.0,59.4,5.98,9.48,7.73,1.75,0.0,2.82,0.0,0.0,0,0
2026-09-01T18:11:12Z,347.28,ensayo_02_kinova,Linea_Base_WiFi6,6199.44,4959.55,0.0,1239.89,4959.55,396843.4,396685.4,60.6,59.8,3.63,8.83,6.23,2.6,0.0,5.88,2.13,0.0,0,0
2026-09-01T18:11:13Z,348.53,ensayo_02_kinova,Linea_Base_WiFi6,7727.97,6182.38,0.0,1545.59,6182.38,494612.1,494567.5,67.8,67.8,2.83,7.2,5.01,2.19,0.0,7.22,4.24,0.0,0,0
2026-09-01T18:11:15Z,349.79,ensayo_02_kinova,Linea_Base_WiFi6,6175.55,4940.44,0.0,1235.11,4940.44,395551.2,394919.7,68.2,66.6,5.34,9.36,7.35,2.01,0.0,5.26,0.75,0.0,0,0
2026-09-01T18:11:16Z,351.04,ensayo_02_kinova,Linea_Base_WiFi6,3309.81,2647.85,0.0,661.96,2647.85,207352.3,216303.2,72.0,72.0,5.04,7.71,6.38,1.33,0.0,8.41,2.23,0.0,0,0
2026-09-01T18:11:17Z,352.3,ensayo_02_kinova,Linea_Base_WiFi6,16343.4,13074.72,0.0,3268.68,13074.72,1048763.0,1043191.6,138.6,133.8,9.68,17.14,13.41,3.73,0.0,6.86,0.67,0.0,0,0
2026-09-01T18:11:18Z,353.55,ensayo_02_kinova,Linea_Base_WiFi6,19953.56,15962.85,0.0,3990.71,15962.85,1277106.4,1276949.1,140.6,139.8,3.48,15.28,9.38,5.9,0.0,5.0,0.43,0.0,0,0
2026-09-01T18:11:20Z,354.81,ensayo_02_kinova,Linea_Base_WiFi6,13156.39,10525.11,0.0,2631.28,10525.11,842110.6,841907.6,107.1,106.3,3.93,20.55,12.24,8.31,0.0,6.24,0.08,0.0,0,0
2026-09-01T18:11:21Z,356.14,ensayo_02_kinova,Linea_Base_WiFi6,8050.38,6440.3,0.0,1610.08,6440.3,515710.8,514737.4,122.0,132.5,4.13,54.75,29.44,25.31,0.0,5.25,2.23,0.0,0,0
2026-09-01T18:11:22Z,357.39,ensayo_02_kinova,Linea_Base_WiFi6,15557.82,12446.26,0.0,3111.56,12446.26,995611.3,995789.4,124.4,131.6,9.11,14.51,11.81,2.7,0.0,5.14,1.9,0.0,0,0
2026-09-01T18:11:24Z,358.67,ensayo_02_kinova,Linea_Base_WiFi6,5355.02,4284.02,0.0,1071.0,4284.02,343032.5,342410.0,64.9,63.3,3.56,6.27,4.92,1.35,0.0,3.7,0.12,0.0,0,0
2026-09-01T18:11:25Z,359.92,ensayo_02_kinova,Linea_Base_WiFi6,1609.33,1287.46,0.0,321.87,1287.46,103098.5,102896.1,39.2,38.4,3.79,5.28,4.53,0.74,0.0,4.64,0.17,0.0,0,0
2026-09-01T18:11:26Z,361.17,ensayo_02_kinova,Linea_Base_WiFi6,5429.9,4343.92,0.0,1085.98,4343.92,348111.2,346915.9,71.9,69.5,3.91,5.46,4.68,0.77,0.0,5.36,0.97,0.0,0,0
2026-09-01T18:11:27Z,362.42,ensayo_02_kinova,Linea_Base_WiFi6,13126.88,10501.5,0.0,2625.38,10501.5,840199.5,840041.6,100.4,99.7,3.52,3.78,3.65,0.13,0.0,4.36,1.63,0.0,0,0
2026-09-01T18:11:29Z,363.68,ensayo_02_kinova,Linea_Base_WiFi6,5435.76,4348.61,0.0,1087.15,4348.61,348045.5,347731.9,57.3,55.7,3.28,4.46,3.87,0.59,0.0,4.54,0.74,0.0,0,0
2026-09-01T18:11:30Z,364.93,ensayo_02_kinova,Linea_Base_WiFi6,4691.17,3752.94,0.0,938.23,3752.94,300828.7,299641.7,60.8,59.2,3.46,5.52,4.49,1.03,0.0,4.7,0.67,0.0,0,0
2026-09-01T18:11:31Z,366.18,ensayo_02_kinova,Linea_Base_WiFi6,26.22,20.98,0.0,5.24,20.98,1374.6,1981.7,14.4,15.2,4.85,6.07,5.46,0.61,0.0,7.87,4.53,0.0,0,0
2026-09-01T18:11:32Z,367.43,ensayo_02_kinova,Linea_Base_WiFi6,6176.43,4941.14,0.0,1235.29,4941.14,395908.8,394673.7,71.5,69.1,4.49,4.67,4.58,0.09,0.0,6.58,0.34,0.0,0,0
2026-09-01T18:11:34Z,368.69,ensayo_02_kinova,Linea_Base_WiFi6,15492.31,12393.85,0.0,3098.46,12393.85,991609.4,991406.5,119.9,119.1,3.2,4.16,3.68,0.48,0.0,3.85,0.69,0.0,0,0
2026-09-01T18:11:35Z,369.93,ensayo_02_kinova,Linea_Base_WiFi6,13994.66,11195.73,0.0,2798.93,11195.73,894972.7,896344.1,110.5,111.3,3.89,4.49,4.19,0.3,0.0,3.19,0.27,0.0,0,0
2026-09-01T18:11:36Z,371.18,ensayo_02_kinova,Linea_Base_WiFi6,7397.83,5918.26,0.0,1479.57,5918.26,470934.1,475988.3,130.5,137.7,5.81,8.46,7.14,1.33,0.0,5.46,0.84,0.0,0,0
2026-09-01T18:11:37Z,372.44,ensayo_02_kinova,Linea_Base_WiFi6,13164.45,10531.56,0.0,2632.89,10531.56,842368.4,842680.5,109.4,124.5,5.75,13.73,9.74,3.99,0.0,4.11,1.02,0.0,0,0
2026-09-01T18:11:39Z,373.69,ensayo_02_kinova,Linea_Base_WiFi6,10826.98,8661.58,0.0,2165.4,8661.58,693243.4,692610.0,93.1,91.5,3.27,4.69,3.98,0.71,0.0,3.36,0.22,0.0,0,0
2026-09-01T18:11:40Z,374.94,ensayo_02_kinova,Linea_Base_WiFi6,7012.08,5609.66,0.0,1402.42,5609.66,448843.2,448703.2,71.2,72.8,4.45,5.29,4.87,0.42,0.0,3.87,0.35,0.0,0,0
2026-09-01T18:11:41Z,376.19,ensayo_02_kinova,Linea_Base_WiFi6,2754.27,2203.42,0.0,550.85,2203.42,173776.7,178770.3,52.9,56.1,3.54,28.34,15.94,12.4,0.0,3.84,0.53,0.0,0,0
2026-09-01T18:11:42Z,377.47,ensayo_02_kinova,Linea_Base_WiFi6,6742.69,5394.15,0.0,1348.54,5394.15,434285.0,428779.0,187.9,186.4,8.46,8.53,8.49,0.03,0.0,6.8,2.35,0.0,0,0
2026-09-01T18:11:44Z,378.75,ensayo_02_kinova,Linea_Base_WiFi6,2702.48,2161.98,0.0,540.5,2161.98,174907.5,171010.3,150.3,154.2,8.1,13.46,10.78,2.68,0.0,5.47,2.18,0.0,0,0
2026-09-01T18:11:45Z,380.0,ensayo_02_kinova,Linea_Base_WiFi6,343.82,275.06,0.0,68.76,275.06,7643.2,36366.2,44.7,37.5,3.19,22.18,12.68,9.49,0.0,11.97,3.26,0.0,0,0
2026-09-01T18:11:46Z,381.28,ensayo_02_kinova,Linea_Base_WiFi6,282.77,226.22,0.0,56.55,226.22,18920.5,17274.1,42.4,45.5,5.58,6.43,6.0,0.43,0.0,3.66,0.21,0.0,0,0
2026-09-01T18:11:47Z,382.52,ensayo_02_kinova,Linea_Base_WiFi6,140.67,112.54,0.0,28.13,112.54,5650.8,12355.2,40.2,38.6,2.98,9.01,6.0,3.02,0.0,8.46,5.17,0.0,0,0
2026-09-01T18:11:49Z,383.78,ensayo_02_kinova,Linea_Base_WiFi6,226.23,180.98,0.0,45.25,180.98,10497.4,18460.4,80.7,82.3,3.43,5.14,4.29,0.85,0.0,3.71,0.66,0.0,0,0
2026-09-01T18:11:50Z,385.03,ensayo_02_kinova,Linea_Base_WiFi6,2017.47,1613.98,0.0,403.49,1613.98,139192.2,119044.4,84.1,79.3,4.54,6.28,5.41,0.87,0.0,6.4,2.63,0.0,0,0
2026-09-01T18:11:51Z,386.28,ensayo_02_kinova,Linea_Base_WiFi6,2438.12,1950.5,0.0,487.62,1950.5,294463.8,17615.7,128.6,108.5,3.59,24.3,13.95,10.35,0.0,7.09,3.09,0.0,0,0
2026-09-01T18:11:52Z,387.52,ensayo_02_kinova,Linea_Base_WiFi6,709.38,567.5,0.0,141.88,567.5,46484.6,44315.9,156.6,156.6,3.52,11.52,7.52,4.0,0.0,6.25,2.9,0.0,0,0
2026-09-01T18:11:54Z,388.78,ensayo_02_kinova,Linea_Base_WiFi6,5235.7,4188.56,0.0,1047.14,4188.56,337006.4,333162.8,117.2,115.7,15.59,62.25,38.92,23.33,0.0,12.58,2.83,0.0,0,0
2026-09-01T18:11:55Z,390.09,ensayo_02_kinova,Linea_Base_WiFi6,45216.93,36173.54,0.0,9043.39,36173.54,3134897.4,2652869.7,675.4,553.4,5.22,40.51,22.86,17.64,0.0,3.63,0.51,0.0,0,0
2026-09-01T18:11:56Z,391.38,ensayo_02_kinova,Linea_Base_WiFi6,455.66,364.53,0.0,91.13,364.53,35895.2,22428.9,60.5,104.6,5.66,90.26,47.96,42.3,0.0,4.74,0.14,0.0,0,0
2026-09-01T18:11:58Z,392.72,ensayo_02_kinova,Linea_Base_WiFi6,334.09,267.27,0.0,66.82,267.27,19227.4,23535.9,44.2,58.5,4.23,91.81,48.02,43.79,0.0,7.0,4.17,0.0,0,0
2026-09-01T18:11:59Z,394.06,ensayo_02_kinova,Linea_Base_WiFi6,40.48,32.38,0.0,8.1,32.38,3131.7,2050.3,15.6,23.8,3.34,68.27,35.81,32.46,0.0,21.52,18.31,0.0,0,0
2026-09-01T18:12:00Z,395.38,ensayo_02_kinova,Linea_Base_WiFi6,26.9,21.52,0.0,5.38,21.52,1615.7,1827.0,15.2,17.5,5.32,7.46,6.39,1.07,0.0,6.41,1.48,0.0,0,0
2026-09-01T18:12:02Z,396.63,ensayo_02_kinova,Linea_Base_WiFi6,130.44,104.35,0.0,26.09,104.35,7661.6,9034.2,35.2,44.8,4.74,8.63,6.68,1.95,0.0,2.93,0.1,0.0,0,0
2026-09-01T18:12:03Z,397.88,ensayo_02_kinova,Linea_Base_WiFi6,498.53,398.82,0.0,99.71,398.82,34284.0,29528.1,87.0,82.2,4.54,9.52,7.03,2.49,0.0,3.14,0.36,0.0,0,0
2026-09-01T18:12:04Z,399.13,ensayo_02_kinova,Linea_Base_WiFi6,75.81,60.65,0.0,15.16,60.65,5927.1,3776.5,39.1,45.5,2.85,8.26,5.55,2.71,0.0,3.76,0.53,0.0,0,0
2026-09-01T18:12:05Z,400.39,ensayo_02_kinova,Linea_Base_WiFi6,76.61,61.29,0.0,15.32,61.29,6391.2,3415.3,39.9,42.3,3.93,14.6,9.27,5.34,0.0,3.19,0.11,0.0,0,0
2026-09-01T18:12:07Z,401.64,ensayo_02_kinova,Linea_Base_WiFi6,1511.56,1209.25,0.0,302.31,1209.25,94268.8,99211.0,62.0,65.2,3.73,4.67,4.2,0.47,0.0,9.44,6.75,0.0,0,0
2026-09-01T18:12:08Z,402.91,ensayo_02_kinova,Linea_Base_WiFi6,175.62,140.5,0.0,35.12,140.5,21128.8,1350.1,22.1,14.2,5.75,12.95,9.35,3.6,0.0,8.86,5.79,0.0,0,0
2026-09-01T18:12:09Z,404.18,ensayo_02_kinova,Linea_Base_WiFi6,150.22,120.18,0.0,30.04,120.18,11564.0,7663.6,37.0,35.5,5.53,29.57,17.55,12.03,0.0,3.65,0.42,0.0,0,0
2026-09-01T18:12:10Z,405.45,ensayo_02_kinova,Linea_Base_WiFi6,991.77,793.42,0.0,198.35,793.42,64682.3,62264.5,229.6,229.6,3.17,23.88,13.52,10.35,0.0,4.93,2.19,0.0,0,0
2026-09-01T18:12:12Z,406.74,ensayo_02_kinova,Linea_Base_WiFi6,467.68,374.14,0.0,93.54,374.14,31450.0,28412.7,127.2,125.6,4.28,12.98,8.63,4.35,0.0,4.46,1.08,0.0,0,0
2026-09-01T18:12:13Z,408.0,ensayo_02_kinova,Linea_Base_WiFi6,45.22,36.18,0.0,9.04,36.18,3685.2,2103.0,28.5,27.7,8.27,17.9,13.08,4.82,0.0,9.21,4.23,0.0,0,0
2026-09-01T18:12:14Z,409.28,ensayo_02_kinova,Linea_Base_WiFi6,241.74,193.39,0.0,48.35,193.39,22191.9,8750.7,31.4,33.7,4.7,4.95,4.83,0.12,0.0,10.92,1.48,0.0,0,0
2026-09-01T18:12:15Z,410.54,ensayo_02_kinova,Linea_Base_WiFi6,12.72,10.18,0.0,2.54,10.18,844.2,783.9,8.7,8.7,5.74,5.83,5.79,0.05,0.0,8.48,0.13,0.0,0,0
2026-09-01T18:12:17Z,411.8,ensayo_02_kinova,Linea_Base_WiFi6,1448.76,1159.01,0.0,289.75,1159.01,6664.3,178776.9,82.8,129.0,4.13,8.24,6.19,2.05,0.0,5.71,2.71,0.0,0,0
2026-09-01T18:12:18Z,413.05,ensayo_02_kinova,Linea_Base_WiFi6,1294.0,1035.2,0.0,258.8,1035.2,5312.3,160320.2,58.9,86.0,9.05,21.31,15.18,6.13,0.0,8.78,4.45,0.0,0,0
2026-09-01T18:12:19Z,414.32,ensayo_02_kinova,Linea_Base_WiFi6,2350.97,1880.78,0.0,470.19,1880.78,10340.6,290583.7,108.8,135.6,3.13,3.86,3.5,0.37,0.0,4.44,1.41,0.0,0,0
2026-09-01T18:12:21Z,415.58,ensayo_02_kinova,Linea_Base_WiFi6,33.06,26.45,0.0,6.61,26.45,2665.9,1566.4,17.5,15.9,6.91,9.81,8.36,1.45,0.0,3.41,0.77,0.0,0,0
2026-09-01T18:12:22Z,416.83,ensayo_02_kinova,Linea_Base_WiFi6,30.61,24.49,0.0,6.12,24.49,2060.8,1857.9,20.8,20.8,4.37,5.19,4.78,0.41,0.0,6.99,1.2,0.0,0,0
2026-09-01T18:12:23Z,418.08,ensayo_02_kinova,Linea_Base_WiFi6,70.67,56.54,0.0,14.13,56.54,5143.3,3902.9,23.9,21.5,4.66,6.77,5.71,1.06,0.0,4.02,0.51,0.0,0,0
2026-09-01T18:12:24Z,419.33,ensayo_02_kinova,Linea_Base_WiFi6,94.22,75.38,0.0,18.84,75.38,5125.6,6934.9,13.5,15.9,7.74,11.61,9.68,1.94,0.0,14.98,0.61,0.0,0,0
2026-09-01T18:12:26Z,420.6,ensayo_02_kinova,Linea_Base_WiFi6,232.65,186.12,0.0,46.53,186.12,16058.0,13721.3,44.3,43.5,4.92,4.96,4.94,0.02,0.0,5.42,0.84,0.0,0,0
2026-09-01T18:12:27Z,421.85,ensayo_02_kinova,Linea_Base_WiFi6,833.67,666.94,0.0,166.73,666.94,86525.6,20184.1,82.2,66.3,3.76,32.32,18.04,14.28,0.0,3.54,0.06,0.0,0,0
2026-09-01T18:12:28Z,423.1,ensayo_02_kinova,Linea_Base_WiFi6,73.92,59.14,0.0,14.78,59.14,3698.9,5763.2,24.0,24.0,3.06,5.85,4.46,1.39,0.0,5.14,2.16,0.0,0,0
2026-09-01T18:12:29Z,424.36,ensayo_02_kinova,Linea_Base_WiFi6,176.36,141.09,0.0,35.27,141.09,9066.1,13508.0,31.1,27.9,4.32,24.21,14.27,9.94,0.0,6.43,1.86,0.0,0,0
2026-09-01T18:12:31Z,425.61,ensayo_02_kinova,Linea_Base_WiFi6,353.47,282.78,0.0,70.69,282.78,33393.4,11850.7,61.3,55.7,3.97,4.26,4.12,0.14,0.0,5.33,1.17,0.0,0,0
2026-09-01T18:12:32Z,426.86,ensayo_02_kinova,Linea_Base_WiFi6,153.77,123.02,0.0,30.75,123.02,11538.4,8144.4,77.5,90.3,3.31,4.98,4.15,0.84,0.0,2.71,0.16,0.0,0,0
2026-09-01T18:12:33Z,428.1,ensayo_02_kinova,Linea_Base_WiFi6,67.62,54.1,0.0,13.52,54.1,5743.1,2912.7,37.2,42.8,3.26,4.76,4.01,0.75,0.0,5.66,1.27,0.0,0,0
2026-09-01T18:12:34Z,429.35,ensayo_02_kinova,Linea_Base_WiFi6,329.04,263.23,0.0,65.81,263.23,22941.3,19176.1,50.3,60.7,6.4,11.4,8.9,2.5,0.0,3.02,0.08,0.0,0,0
2026-09-01T18:12:36Z,430.61,ensayo_02_kinova,Linea_Base_WiFi6,263.86,211.09,0.0,52.77,211.09,11206.9,22567.8,61.1,53.2,5.76,13.07,9.42,3.65,0.0,13.62,8.3,0.0,0,0
2026-09-01T18:12:37Z,431.87,ensayo_02_kinova,Linea_Base_WiFi6,63.29,50.63,0.0,12.66,50.63,3518.9,4582.4,28.6,23.8,3.53,3.79,3.66,0.13,0.0,4.34,0.23,0.0,0,0
2026-09-01T18:12:38Z,433.13,ensayo_02_kinova,Linea_Base_WiFi6,1010.16,808.13,0.0,202.03,808.13,91098.9,38201.1,87.0,65.4,5.17,5.29,5.23,0.06,0.0,4.74,0.11,0.0,0,0
